ID,Type,Message,Performed By,Occurred At
175111990,story_update_activity,Shuyi Zheng started this feature,Shuyi Zheng,2020-10-24T03:43:57Z
175111705,story_delete_activity,Shuyi Zheng deleted this feature,Shuyi Zheng,2020-10-24T03:43:20Z
175111270,story_update_activity,Shuyi Zheng accepted this feature,Shuyi Zheng,2020-10-24T03:43:13Z
175111270,story_update_activity,Shuyi Zheng delivered this feature,Shuyi Zheng,2020-10-24T03:43:11Z
175111270,story_update_activity,Shuyi Zheng finished this feature,Shuyi Zheng,2020-10-24T03:43:11Z
175112116,story_update_activity,Shuyi Zheng delivered this feature,Shuyi Zheng,2020-10-24T03:42:32Z
175112116,story_update_activity,Shuyi Zheng finished this feature,Shuyi Zheng,2020-10-24T03:42:21Z
175027111,story_update_activity,Shuyi Zheng edited this feature,Shuyi Zheng,2020-10-24T03:42:16Z
175112841,story_update_activity,Duan Lin accepted this feature,Duan Lin,2020-10-24T03:42:09Z
175112841,story_update_activity,Shuyi Zheng delivered this feature,Shuyi Zheng,2020-10-24T03:41:40Z
175111098,story_update_activity,Shuyi Zheng accepted this feature,Shuyi Zheng,2020-10-24T03:41:39Z
175111098,story_update_activity,Shuyi Zheng delivered this feature,Shuyi Zheng,2020-10-24T03:41:38Z
175110570,story_update_activity,Shuyi Zheng accepted this feature,Shuyi Zheng,2020-10-24T03:41:33Z
175110570,story_update_activity,Shuyi Zheng delivered this feature,Shuyi Zheng,2020-10-24T03:41:22Z
175136273,story_update_activity,Shuyi Zheng accepted this feature,Shuyi Zheng,2020-10-24T03:37:55Z
175136273,story_update_activity,Shuyi Zheng delivered this feature,Shuyi Zheng,2020-10-24T03:37:54Z
175136273,story_update_activity,Shuyi Zheng finished this feature,Shuyi Zheng,2020-10-24T03:37:46Z
175136153,story_update_activity,Shuyi Zheng accepted this feature,Shuyi Zheng,2020-10-24T03:36:19Z
175136153,story_update_activity,Shuyi Zheng delivered this feature,Shuyi Zheng,2020-10-24T03:36:17Z
175136153,story_update_activity,Shuyi Zheng finished this feature,Shuyi Zheng,2020-10-24T03:36:15Z
175136153,story_update_activity,Shuyi Zheng started this feature,Shuyi Zheng,2020-10-24T03:36:14Z
175136153,story_update_activity,Shuyi Zheng edited this feature,Shuyi Zheng,2020-10-24T03:36:11Z
175136273,story_update_activity,Shuyi Zheng started this feature,Shuyi Zheng,2020-10-24T03:36:05Z
175424714,story_update_activity,Shuyi Zheng accepted this feature,Shuyi Zheng,2020-10-24T03:35:40Z
175424714,story_update_activity,Shuyi Zheng delivered this feature,Shuyi Zheng,2020-10-24T03:35:39Z
175424714,story_update_activity,Shuyi Zheng finished this feature,Shuyi Zheng,2020-10-24T03:35:38Z
175424714,story_update_activity,Shuyi Zheng started this feature,Shuyi Zheng,2020-10-24T03:35:36Z
175424717,story_update_activity,Shuyi Zheng accepted this feature,Shuyi Zheng,2020-10-24T03:35:02Z
175424717,story_update_activity,Shuyi Zheng delivered this feature,Shuyi Zheng,2020-10-24T03:35:00Z
175424717,story_update_activity,Shuyi Zheng finished this feature,Shuyi Zheng,2020-10-24T03:34:59Z
175111098,story_update_activity,Duan Lin edited this feature,Duan Lin,2020-10-24T03:32:51Z
175424722,story_update_activity,Shuyi Zheng accepted this feature,Shuyi Zheng,2020-10-24T03:32:33Z
175424722,story_update_activity,Shuyi Zheng delivered this feature,Shuyi Zheng,2020-10-24T03:32:31Z
175424717,story_update_activity,Shuyi Zheng started this feature,Shuyi Zheng,2020-10-24T03:32:23Z
175424714,story_update_activity,Shuyi Zheng edited this feature,Shuyi Zheng,2020-10-24T03:32:12Z
175424722,story_update_activity,Shuyi Zheng finished this feature,Shuyi Zheng,2020-10-24T03:31:06Z
175424722,story_update_activity,Shuyi Zheng started this feature,Shuyi Zheng,2020-10-24T03:30:51Z
175424722,story_update_activity,Shuyi Zheng edited this feature,Shuyi Zheng,2020-10-24T03:30:40Z
175424714,story_update_activity,Ming Yuan edited this feature,Ming Yuan,2020-10-24T02:34:13Z
175424714,story_update_activity,Ming Yuan edited this feature,Ming Yuan,2020-10-24T02:34:11Z
175424714,story_update_activity,Ming Yuan edited this feature,Ming Yuan,2020-10-24T02:34:07Z
175424717,story_update_activity,Ming Yuan edited this feature,Ming Yuan,2020-10-24T02:33:56Z
175424717,story_update_activity,Ming Yuan edited this feature,Ming Yuan,2020-10-24T02:33:52Z
175424717,story_update_activity,Ming Yuan edited this feature,Ming Yuan,2020-10-24T02:33:28Z
175424722,story_update_activity,Ming Yuan edited this feature,Ming Yuan,2020-10-24T02:33:16Z
175424722,story_update_activity,Ming Yuan edited this feature,Ming Yuan,2020-10-24T02:33:13Z
175424722,story_create_activity,Ming Yuan added this feature,Ming Yuan,2020-10-24T02:30:15Z
175027111,comment_create_activity,"Ming Yuan added comment: ""Given I already logged in, and current page is a specific product page with the ""add to cart"" button available,When I click on the ""add to cart"" button,Then the screen will show an animation of the product flying to the shopping cart at the same time the cart icon on the screen will shake and the number of products is displayed to the right of the cart icon. Every time I click the add cart button, the number displayed increases by 1.
""",Ming Yuan,2020-10-24T02:27:21Z
175424717,story_create_activity,Ming Yuan added this feature,Ming Yuan,2020-10-24T02:26:31Z
175424714,story_create_activity,Ming Yuan added this feature,Ming Yuan,2020-10-24T02:25:30Z
175111705,story_update_activity,bhavesht1 started this feature,bhavesht1,2020-10-24T02:08:30Z
175027111,story_update_activity,bhavesht1 started this feature,bhavesht1,2020-10-24T02:08:20Z
175112116,story_update_activity,bhavesht1 started this feature,bhavesht1,2020-10-24T02:08:07Z
175112841,story_update_activity,bhavesht1 finished this feature,bhavesht1,2020-10-24T02:05:32Z
175112841,story_update_activity,bhavesht1 started this feature,bhavesht1,2020-10-24T02:05:31Z
175111990,story_update_activity,bhavesht1 rejected this feature,bhavesht1,2020-10-24T02:05:13Z
175111990,comment_create_activity,"bhavesht1 added comment: ""Not completed, updated wrongly""",bhavesht1,2020-10-24T02:05:13Z
175111990,story_update_activity,bhavesht1 delivered this feature,bhavesht1,2020-10-24T02:04:42Z
175111098,story_update_activity,bhavesht1 finished this feature,bhavesht1,2020-10-24T02:04:33Z
175111098,story_update_activity,bhavesht1 started this feature,bhavesht1,2020-10-24T02:04:32Z
175110570,story_update_activity,bhavesht1 finished this feature,bhavesht1,2020-10-24T02:04:29Z
175110570,story_update_activity,bhavesht1 started this feature,bhavesht1,2020-10-24T02:04:27Z
175111990,story_update_activity,bhavesht1 finished this feature,bhavesht1,2020-10-24T02:03:49Z
175111990,story_update_activity,bhavesht1 started this feature,bhavesht1,2020-10-24T02:03:47Z
175111705,comment_update_activity,bhavesht1 edited this comment,bhavesht1,2020-10-23T05:16:53Z
175111705,comment_update_activity,bhavesht1 edited this comment,bhavesht1,2020-10-23T05:10:00Z
175111705,comment_update_activity,bhavesht1 edited this comment,bhavesht1,2020-10-23T05:05:49Z
175111705,story_update_activity,bhavesht1 edited this feature,bhavesht1,2020-10-23T04:48:57Z
175111705,story_update_activity,bhavesht1 edited this feature,bhavesht1,2020-10-23T04:33:54Z
175111990,task_update_activity,"bhavesht1 uncompleted task: ""Developing the backend logic, once order was successfully. Need to be updated in the Database with the user unique email id with the amount of the order - 7hr""",bhavesht1,2020-10-23T04:25:42Z
175111990,task_update_activity,"bhavesht1 uncompleted task: ""Designing the UI for entering the card details- 5hr""",bhavesht1,2020-10-23T04:25:41Z
175111990,task_update_activity,"bhavesht1 uncompleted task: ""Create a payment function in frontend, backend - 1.5hr""",bhavesht1,2020-10-23T04:25:34Z
175111990,task_update_activity,"bhavesht1 completed task: ""Create a payment function in frontend, backend - 1.5hr""",bhavesht1,2020-10-23T04:25:33Z
175111990,task_update_activity,"bhavesht1 uncompleted task: ""Create a payment function in frontend, backend - 1.5hr""",bhavesht1,2020-10-23T04:25:33Z
175111705,story_update_activity,bhavesht1 edited this feature,bhavesht1,2020-10-23T04:25:04Z
175111990,story_update_activity,bhavesht1 edited this feature,bhavesht1,2020-10-23T04:13:59Z
175111990,task_update_activity,"bhavesht1 completed task: ""Create a payment function in frontend, backend - 1.5hr""",bhavesht1,2020-10-23T04:10:18Z
175111990,task_update_activity,"bhavesht1 completed task: ""Designing the UI for entering the card details- 5hr""",bhavesht1,2020-10-23T04:10:16Z
175111990,task_update_activity,"bhavesht1 completed task: ""Developing the backend logic, once order was successfully. Need to be updated in the Database with the user unique email id with the amount of the order - 7hr""",bhavesht1,2020-10-23T04:10:15Z
175111990,story_update_activity,bhavesht1 edited this feature,bhavesht1,2020-10-23T04:09:28Z
175112841,story_update_activity,bhavesht1 edited this feature,bhavesht1,2020-10-23T04:08:59Z
175112841,story_update_activity,bhavesht1 edited this feature,bhavesht1,2020-10-23T04:08:45Z
175112841,story_update_activity,bhavesht1 edited this feature,bhavesht1,2020-10-23T04:08:30Z
175112841,story_update_activity,bhavesht1 edited this feature,bhavesht1,2020-10-23T04:08:26Z
175026944,task_update_activity,"Ming Yuan rewrote task: ""Integrate everything and do testing - 3h""",Ming Yuan,2020-10-21T02:16:50Z
175026944,blocker_delete_activity,"Ming Yuan deleted a blocker: ""Integrate everthing and do testing - 3h""",Ming Yuan,2020-10-21T02:11:49Z
175026944,blocker_delete_activity,"Ming Yuan deleted a blocker: ""Write unit test - 2h""",Ming Yuan,2020-10-21T02:11:48Z
175026944,blocker_delete_activity,"Ming Yuan deleted a blocker: ""Add the logic code to get the product information according to input category and show them all on a new webpage - 5h""",Ming Yuan,2020-10-21T02:11:47Z
175026944,blocker_delete_activity,"Ming Yuan deleted a blocker: ""Add the category as a new field in product table - 2h""",Ming Yuan,2020-10-21T02:11:46Z
175026944,blocker_delete_activity,"Ming Yuan deleted a blocker: ""Create the search bar - 1h""",Ming Yuan,2020-10-21T02:11:45Z
175027111,comment_update_activity,Ming Yuan edited this comment,Ming Yuan,2020-10-21T01:57:39Z
175027111,comment_update_activity,Ming Yuan edited this comment,Ming Yuan,2020-10-21T01:57:33Z
175027111,blocker_delete_activity,"Ming Yuan deleted a blocker: ""Add the code to display successful being added to cart message - 1h""",Ming Yuan,2020-10-21T01:53:35Z
175027111,blocker_delete_activity,"Ming Yuan deleted a blocker: ""Integrate everything and do testing - 3h""",Ming Yuan,2020-10-21T01:53:34Z
175027111,blocker_delete_activity,"Ming Yuan deleted a blocker: ""Write unit test - 2h""",Ming Yuan,2020-10-21T01:53:33Z
175027111,blocker_delete_activity,"Ming Yuan deleted a blocker: ""Add the logic code to add the product into the cart table. - 2h""",Ming Yuan,2020-10-21T01:53:32Z
175027111,blocker_delete_activity,"Ming Yuan deleted a blocker: ""Create the database and the cart table - 1h""",Ming Yuan,2020-10-21T01:53:30Z
175027111,blocker_delete_activity,"Ming Yuan deleted a blocker: ""Create the ""add to cart"" button on the specific product webpage - 1h""",Ming Yuan,2020-10-21T01:53:28Z
175113162,comment_create_activity,"Neha Nilesh Jadhav Sarnaik added comment: ""@yutingz Yes Ma'am, An auto-generated email will be sent to the customer which states ""inquiry has been successfully received to the team""""",Neha Nilesh Jadhav Sarnaik,2020-10-15T19:04:32Z
175112841,comment_create_activity,"Neha Nilesh Jadhav Sarnaik added comment: ""@yutingz Yes Ma'am, it can be done at the same time using google login button. If the user is registering using the google login button for the first time then user details are added to the database and if the user logs in later the user will be redirected to homepage directly as the user details are already in the database.""",Neha Nilesh Jadhav Sarnaik,2020-10-15T18:49:29Z
175112841,comment_delete_activity,"Neha Nilesh Jadhav Sarnaik removed comment: ""Yes  it can be done at the same time using google login button. If the user is registering using the google login button for the first time then user details are added to the database and if the user logs in later the user will be redirected to homepage directly as the user details are already in the database.""",Neha Nilesh Jadhav Sarnaik,2020-10-15T18:48:55Z
175112841,comment_create_activity,"Neha Nilesh Jadhav Sarnaik added comment: ""Yes  it can be done at the same time using google login button. If the user is registering using the google login button for the first time then user details are added to the database and if the user logs in later the user will be redirected to homepage directly as the user details are already in the database.""",Neha Nilesh Jadhav Sarnaik,2020-10-15T18:48:38Z
175113162,comment_create_activity,"Yuting Zhang added comment: ""@nehanilesh What do you mean ""a reply email""? An auto-generated email that states ""the customer inquires have been received?""""",Yuting Zhang,2020-10-15T17:40:44Z
175112841,comment_create_activity,"Yuting Zhang added comment: ""@nehanilesh I don't understand this acceptance test. Do you mean that the register and login can be done at the same time if they don't have an account before.""",Yuting Zhang,2020-10-15T17:37:24Z
175026944,story_update_activity,Yuting Zhang started this feature,Yuting Zhang,2020-10-08T22:21:02Z
175112841,story_update_activity,Neha Nilesh Jadhav Sarnaik unstarted this feature,Neha Nilesh Jadhav Sarnaik,2020-10-06T01:47:00Z
175112841,story_update_activity,Neha Nilesh Jadhav Sarnaik finished this feature,Neha Nilesh Jadhav Sarnaik,2020-10-06T01:46:46Z
175112841,story_update_activity,Neha Nilesh Jadhav Sarnaik started this feature,Neha Nilesh Jadhav Sarnaik,2020-10-06T01:46:40Z
175136273,story_update_activity,hmalibra edited this feature,hmalibra,2020-10-06T01:41:41Z
175136153,story_update_activity,hmalibra estimated this feature as 2 points,hmalibra,2020-10-06T01:41:30Z
175136273,story_update_activity,hmalibra estimated this feature as 1 point,hmalibra,2020-10-06T01:41:28Z
175136273,story_move_activity,hmalibra moved 2 stories to the Icebox,hmalibra,2020-10-06T01:41:21Z
175136153,story_move_activity,hmalibra moved 2 stories to the Icebox,hmalibra,2020-10-06T01:41:21Z
175136273,story_move_into_project_activity,hmalibra moved 2 stories into this project from lab2,hmalibra,2020-10-06T01:40:01Z
175136153,story_move_into_project_activity,hmalibra moved 2 stories into this project from lab2,hmalibra,2020-10-06T01:40:01Z
22669607,label_create_activity,"hmalibra created labels: ""ui"", ""frontend""",hmalibra,2020-10-06T01:40:00Z
22669608,label_create_activity,"hmalibra created labels: ""ui"", ""frontend""",hmalibra,2020-10-06T01:40:00Z
175136001,story_delete_activity,hmalibra deleted 4 stories,hmalibra,2020-10-06T01:10:02Z
175135993,story_delete_activity,hmalibra deleted 4 stories,hmalibra,2020-10-06T01:10:02Z
175135987,story_delete_activity,hmalibra deleted 4 stories,hmalibra,2020-10-06T01:10:02Z
175135983,story_delete_activity,hmalibra deleted 4 stories,hmalibra,2020-10-06T01:10:02Z
175135953,story_delete_activity,hmalibra deleted 3 stories,hmalibra,2020-10-06T01:07:00Z
175135943,story_delete_activity,hmalibra deleted 3 stories,hmalibra,2020-10-06T01:07:00Z
175135928,story_delete_activity,hmalibra deleted 3 stories,hmalibra,2020-10-06T01:07:00Z
175135983,story_update_activity,hmalibra started this feature,hmalibra,2020-10-06T01:05:49Z
175135987,story_update_activity,hmalibra started this feature,hmalibra,2020-10-06T01:05:48Z
175135993,story_update_activity,hmalibra started this feature,hmalibra,2020-10-06T01:05:48Z
175136001,story_update_activity,hmalibra started this feature,hmalibra,2020-10-06T01:05:46Z
175135987,story_update_activity,hmalibra estimated this feature as 2 points,hmalibra,2020-10-06T01:05:45Z
175135983,story_update_activity,hmalibra estimated this feature as 1 point,hmalibra,2020-10-06T01:05:39Z
175135993,story_update_activity,hmalibra estimated this feature as 2 points,hmalibra,2020-10-06T01:05:36Z
175136001,story_update_activity,hmalibra estimated this feature as 3 points,hmalibra,2020-10-06T01:05:28Z
175136001,story_create_activity,hmalibra added this feature,hmalibra,2020-10-06T01:05:09Z
175135993,story_create_activity,hmalibra added this feature,hmalibra,2020-10-06T01:03:58Z
175135987,story_create_activity,hmalibra added this feature,hmalibra,2020-10-06T01:03:12Z
175135983,story_create_activity,hmalibra added this feature,hmalibra,2020-10-06T01:02:30Z
175114198,story_delete_activity,hmalibra deleted 12 stories,hmalibra,2020-10-06T00:58:30Z
175113162,story_delete_activity,hmalibra deleted 12 stories,hmalibra,2020-10-06T00:58:30Z
175112841,story_delete_activity,hmalibra deleted 12 stories,hmalibra,2020-10-06T00:58:30Z
175112116,story_delete_activity,hmalibra deleted 12 stories,hmalibra,2020-10-06T00:58:30Z
175111990,story_delete_activity,hmalibra deleted 12 stories,hmalibra,2020-10-06T00:58:30Z
175111705,story_delete_activity,hmalibra deleted 12 stories,hmalibra,2020-10-06T00:58:30Z
175111098,story_delete_activity,hmalibra deleted 12 stories,hmalibra,2020-10-06T00:58:30Z
175110570,story_delete_activity,hmalibra deleted 12 stories,hmalibra,2020-10-06T00:58:30Z
175108355,story_delete_activity,hmalibra deleted 12 stories,hmalibra,2020-10-06T00:58:30Z
175108275,story_delete_activity,hmalibra deleted 12 stories,hmalibra,2020-10-06T00:58:30Z
175027111,story_delete_activity,hmalibra deleted 12 stories,hmalibra,2020-10-06T00:58:30Z
175026944,story_delete_activity,hmalibra deleted 12 stories,hmalibra,2020-10-06T00:58:30Z
175135953,story_create_activity,hmalibra added this feature,hmalibra,2020-10-06T00:57:57Z
175135943,story_create_activity,hmalibra added this feature,hmalibra,2020-10-06T00:56:24Z
175135928,story_create_activity,hmalibra added this feature,hmalibra,2020-10-06T00:54:24Z
175114198,story_update_activity,shreyasp1 edited this feature,shreyasp1,2020-10-05T07:36:37Z
175114198,story_create_activity,shreyasp1 added this feature,shreyasp1,2020-10-05T07:30:43Z
175113162,story_update_activity,Neha Nilesh Jadhav Sarnaik edited this feature,Neha Nilesh Jadhav Sarnaik,2020-10-05T07:28:43Z
175113162,story_update_activity,Neha Nilesh Jadhav Sarnaik edited this feature,Neha Nilesh Jadhav Sarnaik,2020-10-05T07:26:47Z
175113162,story_create_activity,Neha Nilesh Jadhav Sarnaik added this feature,Neha Nilesh Jadhav Sarnaik,2020-10-05T06:05:27Z
22666573,label_create_activity,"Neha Nilesh Jadhav Sarnaik created labels: ""customer service"", ""support"", ""questions"", ""contact""",Neha Nilesh Jadhav Sarnaik,2020-10-05T06:05:25Z
22666574,label_create_activity,"Neha Nilesh Jadhav Sarnaik created labels: ""customer service"", ""support"", ""questions"", ""contact""",Neha Nilesh Jadhav Sarnaik,2020-10-05T06:05:25Z
22666575,label_create_activity,"Neha Nilesh Jadhav Sarnaik created labels: ""customer service"", ""support"", ""questions"", ""contact""",Neha Nilesh Jadhav Sarnaik,2020-10-05T06:05:25Z
22666576,label_create_activity,"Neha Nilesh Jadhav Sarnaik created labels: ""customer service"", ""support"", ""questions"", ""contact""",Neha Nilesh Jadhav Sarnaik,2020-10-05T06:05:25Z
175112841,story_update_activity,Neha Nilesh Jadhav Sarnaik edited this feature,Neha Nilesh Jadhav Sarnaik,2020-10-05T05:36:18Z
175112841,story_create_activity,Neha Nilesh Jadhav Sarnaik added this feature,Neha Nilesh Jadhav Sarnaik,2020-10-05T05:16:47Z
22666515,label_create_activity,"Neha Nilesh Jadhav Sarnaik created labels: ""social login""",Neha Nilesh Jadhav Sarnaik,2020-10-05T05:16:46Z
175111705,task_create_activity,"bhavesht1 added task: ""Adding a button in homepage, to view all the products - 2hr""",bhavesht1,2020-10-05T05:12:40Z
175111705,story_update_activity,bhavesht1 edited this feature,bhavesht1,2020-10-05T05:12:06Z
175111705,task_update_activity,"bhavesht1 rewrote task: ""Using Flex box concepts arranging  them in a horizontal - 5hr""",bhavesht1,2020-10-05T05:11:51Z
175111705,task_update_activity,"bhavesht1 rewrote task: ""Only featured products in the homepage will have a rating, title, image - 4hr""",bhavesht1,2020-10-05T05:11:41Z
175111990,comment_create_activity,"bhavesht1 added comment: ""Given the checkout page is available, when user fills all the card information fields in the payment page and click on pay button, then the order will be placed and displayed to user with the ""Thank you, successfully order placed"" or an error message with ""please enter correct details"". (To test this, we suppose that Payment page is ready, otherwise we will simply add products to the checkout page, to see added successfully to the checkout page)""",bhavesht1,2020-10-05T05:09:54Z
175111990,comment_update_activity,bhavesht1 edited this comment,bhavesht1,2020-10-05T05:02:31Z
175111990,comment_create_activity,"bhavesht1 added comment: ""Given user has successfully added products to the checkout page, when user clicks on checkout button, payment page will be displayed to the user to enable the user to input emailId, cardNumber, date of expiry, CVV and pin code with an button to remember me and pay button with amount on it.""",bhavesht1,2020-10-05T05:01:57Z
175111990,task_create_activity,"bhavesht1 added task: ""Developing the backend logic, once order was successfully. Need to be updated in the Database with the user unique email id with the amount of the order - 7hr""",bhavesht1,2020-10-05T04:54:30Z
175111990,task_update_activity,"bhavesht1 rewrote task: ""Designing the UI for entering the card details- 5hr""",bhavesht1,2020-10-05T04:52:59Z
175111990,task_update_activity,"bhavesht1 rewrote task: ""Designing the UI for entering the card details""",bhavesht1,2020-10-05T04:52:48Z
175111990,task_create_activity,"bhavesht1 added task: ""Designing the UI for entering the card details- 5hr""",bhavesht1,2020-10-05T04:52:30Z
175111990,task_update_activity,"bhavesht1 rewrote task: ""Create a payment function in frontend, backend - 1.5hr""",bhavesht1,2020-10-05T04:50:06Z
175111705,task_update_activity,"bhavesht1 rewrote task: ""Create a home function - 1hr""",bhavesht1,2020-10-05T04:49:57Z
175111705,task_update_activity,"bhavesht1 rewrote task: ""Using Flex box logic arranging  them in a horizontal - 5hr""",bhavesht1,2020-10-05T04:49:51Z
175111705,task_update_activity,"bhavesht1 rewrote task: ""Only featured product will have a rating, title, image - 4hr""",bhavesht1,2020-10-05T04:49:43Z
175111705,task_update_activity,"bhavesht1 rewrote task: ""Design the UI for the products in the homepage  - 3hr""",bhavesht1,2020-10-05T04:49:37Z
175111990,task_create_activity,"bhavesht1 added task: ""Create a payment function in frontend, backend - 1.5hr""",bhavesht1,2020-10-05T04:49:24Z
175111705,task_update_activity,"bhavesht1 rewrote task: ""Create a home function - 0.5hr""",bhavesht1,2020-10-05T04:44:47Z
175111705,comment_create_activity,"bhavesht1 added comment: ""Given registered user to application, When user clicks on the product name, then user will be able to get more information about the product such as price, about the product (with calories) and rating for each product.""",bhavesht1,2020-10-05T04:35:39Z
175111705,comment_update_activity,bhavesht1 edited this comment,bhavesht1,2020-10-05T04:21:00Z
175111705,comment_update_activity,bhavesht1 edited this comment,bhavesht1,2020-10-05T04:17:22Z
175111705,comment_create_activity,"bhavesht1 added comment: ""Given the user has already created an account with   the message ""account created successful"". When user clicks on particular product/item details on the page, then it will be redirected to product page with more information about the product/item with add to cart option in the product page. """,bhavesht1,2020-10-05T04:14:27Z
175111705,task_update_activity,"bhavesht1 rewrote task: ""Using Flex box logic arranging  them in a horizontal -1h """,bhavesht1,2020-10-05T04:06:49Z
175111705,story_update_activity,bhavesht1 edited this feature,bhavesht1,2020-10-05T04:04:18Z
175111705,task_update_activity,"bhavesht1 rewrote task: ""Only featured product will have a rating, title, image - 1h""",bhavesht1,2020-10-05T04:02:18Z
175111705,task_create_activity,"bhavesht1 added task: ""Using Flex box concepts arranging  them in a horizontal - 5hr""",bhavesht1,2020-10-05T04:01:53Z
175111705,task_create_activity,"bhavesht1 added task: ""Only featured products in the homepage will have a rating, title, image - 4hr""",bhavesht1,2020-10-05T03:59:54Z
175111705,task_update_activity,"bhavesht1 rewrote task: ""Create a home class - 1h""",bhavesht1,2020-10-05T03:58:14Z
175111705,task_update_activity,"bhavesht1 rewrote task: ""Design the UI for the products in the homepage  - 1h""",bhavesht1,2020-10-05T03:58:05Z
175111705,task_update_activity,"bhavesht1 rewrote task: ""Implement the UI for the products in the homepage  - 1h""",bhavesht1,2020-10-05T03:57:32Z
175111705,task_create_activity,"bhavesht1 added task: ""Design the UI for the products in the homepage  - 3hr""",bhavesht1,2020-10-05T03:57:19Z
175111705,task_create_activity,"bhavesht1 added task: ""Create a home function - 1hr""",bhavesht1,2020-10-05T03:55:18Z
175111705,story_update_activity,bhavesht1 edited this feature,bhavesht1,2020-10-05T03:54:10Z
175112116,story_create_activity,shreyasp1 added this feature,shreyasp1,2020-10-05T02:53:53Z
22666429,label_create_activity,"shreyasp1 created labels: ""product information""",shreyasp1,2020-10-05T02:53:52Z
175111990,story_update_activity,bhavesht1 edited this feature,bhavesht1,2020-10-05T02:30:23Z
22666419,label_create_activity,"bhavesht1 created labels: ""stripe""",bhavesht1,2020-10-05T02:30:23Z
175111990,story_update_activity,bhavesht1 edited this feature,bhavesht1,2020-10-05T02:30:17Z
22666418,label_create_activity,"bhavesht1 created labels: ""payment""",bhavesht1,2020-10-05T02:30:16Z
175111990,story_update_activity,bhavesht1 estimated this feature as 2 points,bhavesht1,2020-10-05T02:30:07Z
175111990,story_update_activity,bhavesht1 edited this feature,bhavesht1,2020-10-05T02:29:56Z
175111990,story_update_activity,bhavesht1 edited this feature,bhavesht1,2020-10-05T02:29:31Z
175111990,story_create_activity,bhavesht1 added this feature,bhavesht1,2020-10-05T02:27:23Z
175111270,story_delete_activity,bhavesht1 deleted this feature,bhavesht1,2020-10-05T01:43:50Z
175111705,story_create_activity,bhavesht1 added this feature,bhavesht1,2020-10-05T01:43:37Z
175111270,story_update_activity,bhavesht1 started this feature,bhavesht1,2020-10-05T01:41:38Z
175111270,story_update_activity,bhavesht1 edited this feature,bhavesht1,2020-10-05T01:41:13Z
22666389,label_create_activity,"bhavesht1 created labels: ""featuredproduct""",bhavesht1,2020-10-05T01:41:12Z
175111270,story_update_activity,bhavesht1 edited this feature,bhavesht1,2020-10-05T01:19:26Z
22666380,label_create_activity,"bhavesht1 created labels: ""homepage""",bhavesht1,2020-10-05T01:19:25Z
175111270,story_create_activity,bhavesht1 added this feature,bhavesht1,2020-10-05T00:06:47Z
175110570,comment_update_activity,Duan Lin edited this comment,Duan Lin,2020-10-04T23:18:57Z
175110570,comment_update_activity,Duan Lin edited this comment,Duan Lin,2020-10-04T23:18:51Z
175111098,task_create_activity,"Duan Lin added task: ""Write unit tests -1h""",Duan Lin,2020-10-04T23:02:54Z
175111098,task_create_activity,"Duan Lin added task: ""Add the logic code to get the login information from UI and implement identity verification -3h""",Duan Lin,2020-10-04T23:02:46Z
175111098,task_update_activity,"Duan Lin rewrote task: ""Create UI for user login -2h""",Duan Lin,2020-10-04T23:01:40Z
175111098,task_create_activity,"Duan Lin added task: ""Create UI for user login -2h""",Duan Lin,2020-10-04T23:01:22Z
175111098,task_create_activity,"Duan Lin added task: ""Create user info database -1h""",Duan Lin,2020-10-04T23:01:05Z
175111098,story_create_activity,Duan Lin added this feature,Duan Lin,2020-10-04T22:53:55Z
22666350,label_create_activity,"Duan Lin created labels: ""login"", ""manual login""",Duan Lin,2020-10-04T22:53:54Z
22666351,label_create_activity,"Duan Lin created labels: ""login"", ""manual login""",Duan Lin,2020-10-04T22:53:54Z
175110570,comment_update_activity,Duan Lin edited this comment,Duan Lin,2020-10-04T22:46:50Z
175110570,comment_update_activity,Duan Lin edited this comment,Duan Lin,2020-10-04T22:46:50Z
175110570,comment_update_activity,Duan Lin edited this comment,Duan Lin,2020-10-04T22:46:31Z
175110570,comment_update_activity,Duan Lin edited this comment,Duan Lin,2020-10-04T22:46:30Z
175110570,story_update_activity,Duan Lin edited this feature,Duan Lin,2020-10-04T22:33:04Z
175110570,comment_create_activity,"Duan Lin added comment: ""Given the customer has not signed up and the ""sign up"" bottom is available, when the user clicks on the bottom, fills out the form and clicks on submit buttom, then the web application will guide him/her into a welcome page or an sign up error message will be displayed. (To test this we suppose the welcome page is ready, otherwise we will check the database itself to see if a new user info is added successfully. Also, if the user inputs invalid information, such as existing username/email and invalid password format, the sign up page will not redirect)""",Duan Lin,2020-10-04T22:32:36Z
175110570,comment_create_activity,"Duan Lin added comment: ""Given the customer has not signed up and the ""sign up"" bottom is available, when the user clicks on the bottom, a sign up page will be displayed to the user to enable the user to fill out the registration form (username, password, email, etc.)""",Duan Lin,2020-10-04T22:22:27Z
175110570,story_create_activity,Duan Lin added this feature,Duan Lin,2020-10-04T19:59:54Z
22666328,label_create_activity,"Duan Lin created labels: ""user"", ""registration""",Duan Lin,2020-10-04T19:59:53Z
22666329,label_create_activity,"Duan Lin created labels: ""user"", ""registration""",Duan Lin,2020-10-04T19:59:53Z
175108355,story_create_activity,Shuyi Zheng added this feature,Shuyi Zheng,2020-10-04T01:23:56Z
22665955,label_create_activity,"Shuyi Zheng created labels: ""order"", ""delivery"", ""order history""",Shuyi Zheng,2020-10-04T01:23:55Z
22665956,label_create_activity,"Shuyi Zheng created labels: ""order"", ""delivery"", ""order history""",Shuyi Zheng,2020-10-04T01:23:55Z
22665957,label_create_activity,"Shuyi Zheng created labels: ""order"", ""delivery"", ""order history""",Shuyi Zheng,2020-10-04T01:23:55Z
175108275,story_create_activity,Shuyi Zheng added this feature,Shuyi Zheng,2020-10-04T00:08:59Z
22665950,label_create_activity,"Shuyi Zheng created labels: ""setting"", ""address"", ""personal information""",Shuyi Zheng,2020-10-04T00:08:58Z
22665951,label_create_activity,"Shuyi Zheng created labels: ""setting"", ""address"", ""personal information""",Shuyi Zheng,2020-10-04T00:08:58Z
22665952,label_create_activity,"Shuyi Zheng created labels: ""setting"", ""address"", ""personal information""",Shuyi Zheng,2020-10-04T00:08:58Z
175026944,story_update_activity,Ming Yuan edited this feature,Ming Yuan,2020-10-03T00:01:19Z
175026944,story_update_activity,Ming Yuan edited this feature,Ming Yuan,2020-10-03T00:01:16Z
175026944,story_update_activity,Ming Yuan edited this feature,Ming Yuan,2020-10-03T00:01:10Z
22665414,label_create_activity,"Ming Yuan created labels: ""search""",Ming Yuan,2020-10-03T00:01:10Z
175027111,story_update_activity,Ming Yuan edited this feature,Ming Yuan,2020-10-03T00:00:40Z
175027111,story_update_activity,Ming Yuan edited this feature,Ming Yuan,2020-10-03T00:00:37Z
175027111,story_update_activity,Ming Yuan edited this feature,Ming Yuan,2020-10-03T00:00:33Z
175027111,story_update_activity,Ming Yuan edited this feature,Ming Yuan,2020-10-03T00:00:31Z
175027111,story_update_activity,Ming Yuan estimated this feature as 2 points,Ming Yuan,2020-10-03T00:00:21Z
175026944,task_update_activity,"Ming Yuan rewrote task: ""Complete the front end webpages design with search bar and icon - 1h""",Ming Yuan,2020-10-03T00:00:08Z
175026944,comment_update_activity,Ming Yuan edited this comment,Ming Yuan,2020-10-02T23:59:16Z
175026944,comment_update_activity,Ming Yuan edited this comment,Ming Yuan,2020-10-02T23:59:15Z
175027111,story_update_activity,Ming Yuan edited this feature,Ming Yuan,2020-10-02T23:57:35Z
175027111,story_update_activity,Ming Yuan edited this feature,Ming Yuan,2020-10-02T23:57:32Z
175027111,story_update_activity,Ming Yuan edited this feature,Ming Yuan,2020-10-02T23:57:28Z
175027111,story_update_activity,Ming Yuan edited this feature,Ming Yuan,2020-10-02T23:57:28Z
175026944,story_update_activity,Ming Yuan edited this feature,Ming Yuan,2020-10-02T23:56:55Z
22665412,label_create_activity,"Ming Yuan created labels: ""product management""",Ming Yuan,2020-10-02T23:56:55Z
175026944,story_update_activity,Ming Yuan edited this feature,Ming Yuan,2020-10-02T23:56:49Z
175026944,story_update_activity,Ming Yuan edited this feature,Ming Yuan,2020-10-02T23:56:39Z
175026944,story_update_activity,Ming Yuan edited this feature,Ming Yuan,2020-10-02T23:56:32Z
22665411,label_create_activity,"Ming Yuan created labels: ""search project""",Ming Yuan,2020-10-02T23:56:32Z
175026944,story_update_activity,Ming Yuan edited this feature,Ming Yuan,2020-10-02T23:56:27Z
175026944,story_update_activity,Ming Yuan edited this feature,Ming Yuan,2020-10-02T23:56:25Z
175027111,story_update_activity,Ming Yuan edited this feature,Ming Yuan,2020-10-02T23:56:14Z
22665410,label_create_activity,"Ming Yuan created labels: ""cart""",Ming Yuan,2020-10-02T23:56:14Z
175027111,story_update_activity,Ming Yuan edited this feature,Ming Yuan,2020-10-02T23:56:11Z
22665409,label_create_activity,"Ming Yuan created labels: ""product""",Ming Yuan,2020-10-02T23:56:11Z
175027111,story_update_activity,Ming Yuan edited this feature,Ming Yuan,2020-10-02T23:56:06Z
175027111,task_update_activity,"Ming Yuan rewrote task: ""Complete cart information screen design and corresponding implementation - 2h""",Ming Yuan,2020-10-02T23:53:30Z
175027111,comment_create_activity,"Ming Yuan added comment: ""Given I haven't logged in, and current page is a specific product page with the ""add to cart"" button available,
When I click on the ""add to cart"" button,
Then a message will be displayed:""Sorry, please log in your account first, if you didn't have an account, please registration for our site. Thanks"" At the same time the log in icon(click for log in page) and the registration icon(click for registration page) are displayed on this screen.""",Ming Yuan,2020-10-02T23:50:32Z
175027111,comment_create_activity,"Ming Yuan added comment: ""Given I already logged in, current page is a specific product page with the ""add to cart"" button available and I have added this item into cart before,
When I click on the ""add to cart"" button,
Then a message should be displayed on the cart information screen: "" This product has been added into your cart"", at the same time product information are displayed with its quantitiy button(can be used to change the quantity) increasing by 1.""",Ming Yuan,2020-10-02T23:17:48Z
175027111,comment_update_activity,Ming Yuan edited this comment,Ming Yuan,2020-10-02T23:10:39Z
175026944,blocker_delete_activity,"Ming Yuan deleted a blocker: ""Integrate everthing and do testing - 3h""",Ming Yuan,2020-10-02T15:34:46Z
175026944,blocker_delete_activity,"Ming Yuan deleted a blocker: ""Write unit test - 2h""",Ming Yuan,2020-10-02T15:34:44Z
175026944,blocker_delete_activity,"Ming Yuan deleted a blocker: ""Add the logic code to get the product information according to input category and show them all on a new webpage - 5h""",Ming Yuan,2020-10-02T15:34:42Z
175026944,blocker_delete_activity,"Ming Yuan deleted a blocker: ""Add the category as a new field in product table - 2h""",Ming Yuan,2020-10-02T15:34:41Z
175026944,blocker_delete_activity,"Ming Yuan deleted a blocker: ""Create the search bar - 1h""",Ming Yuan,2020-10-02T15:34:39Z
175026944,task_create_activity,"Ming Yuan added task: ""Integrate everything and do testing - 3h""",Ming Yuan,2020-10-02T15:34:35Z
175026944,task_create_activity,"Ming Yuan added task: ""Write unit test - 2h""",Ming Yuan,2020-10-02T15:34:27Z
175026944,task_create_activity,"Ming Yuan added task: ""Add the logic code to get the product information according to input category and show them all on a new webpage - 5h""",Ming Yuan,2020-10-02T15:34:19Z
175026944,task_create_activity,"Ming Yuan added task: ""Add the category as a new field in product table - 2h""",Ming Yuan,2020-10-02T15:34:11Z
175026944,task_create_activity,"Ming Yuan added task: ""Complete the front end webpages design with search bar and icon - 1h""",Ming Yuan,2020-10-02T15:34:02Z
175027111,blocker_delete_activity,"Ming Yuan deleted a blocker: ""Add the code to display successful being added to cart message - 1h""",Ming Yuan,2020-10-02T15:33:44Z
175027111,blocker_delete_activity,"Ming Yuan deleted a blocker: ""Integrate everything and do testing - 3h""",Ming Yuan,2020-10-02T15:33:07Z
175027111,blocker_delete_activity,"Ming Yuan deleted a blocker: ""Write unit test - 2h""",Ming Yuan,2020-10-02T15:33:05Z
175027111,blocker_delete_activity,"Ming Yuan deleted a blocker: ""Add the logic code to add the product into the cart table. - 2h""",Ming Yuan,2020-10-02T15:33:04Z
175027111,blocker_delete_activity,"Ming Yuan deleted a blocker: ""Create the database and the cart table - 1h""",Ming Yuan,2020-10-02T15:33:02Z
175027111,task_create_activity,"Ming Yuan added task: ""Add the code to display successful being added to cart message - 1h""",Ming Yuan,2020-10-02T15:32:59Z
175027111,task_create_activity,"Ming Yuan added task: ""Integrate everything and do testing - 3h""",Ming Yuan,2020-10-02T15:32:49Z
175027111,task_create_activity,"Ming Yuan added task: ""Write unit test - 2h""",Ming Yuan,2020-10-02T15:32:40Z
175027111,task_create_activity,"Ming Yuan added task: ""Add the logic code to add the product into the cart table. - 2h""",Ming Yuan,2020-10-02T15:32:30Z
175027111,task_create_activity,"Ming Yuan added task: ""Create the database and the cart table - 1h""",Ming Yuan,2020-10-02T15:32:10Z
175027111,blocker_delete_activity,"Ming Yuan deleted a blocker: ""Create the ""add to cart"" button on the specific product webpage - 1h""",Ming Yuan,2020-10-02T15:32:02Z
175027111,task_create_activity,"Ming Yuan added task: ""Complete cart information screen design and corresponding implementation - 2h""",Ming Yuan,2020-10-02T15:31:50Z
2465410,project_membership_update_activity,Yuting Zhang updated the membership role for Shuyi Zheng,Yuting Zhang,2020-10-01T20:35:44Z
2465410,project_membership_update_activity,Yuting Zhang updated the membership role for Duan Lin,Yuting Zhang,2020-10-01T20:32:25Z
175027111,blocker_create_activity,"Ming Yuan added a blocker: ""Add the code to display successful being added to cart message - 1h""",Ming Yuan,2020-09-29T01:57:31Z
175027111,blocker_update_activity,"Ming Yuan re-added a blocker to this story: ""Create the ""add to cart"" button on the specific product webpage - 1h""",Ming Yuan,2020-09-29T01:55:24Z
175027111,blocker_update_activity,"Ming Yuan resolved a blocker to this story: ""Create the ""add to cart"" button on the specific product webpage - 1h""",Ming Yuan,2020-09-29T01:55:23Z
175026944,blocker_create_activity,"Ming Yuan added a blocker: ""Integrate everthing and do testing - 3h""",Ming Yuan,2020-09-29T01:30:55Z
175026944,blocker_create_activity,"Ming Yuan added a blocker: ""Write unit test - 2h""",Ming Yuan,2020-09-29T01:30:42Z
175026944,blocker_create_activity,"Ming Yuan added a blocker: ""Add the logic code to get the product information according to input category and show them all on a new webpage - 5h""",Ming Yuan,2020-09-29T01:30:24Z
175026944,blocker_create_activity,"Ming Yuan added a blocker: ""Add the category as a new field in product table - 2h""",Ming Yuan,2020-09-29T01:25:40Z
175027111,blocker_update_activity,"Ming Yuan edited a blocker: ""Create the ""add to cart"" button on the specific product webpage - 1h""",Ming Yuan,2020-09-29T01:22:35Z
175026944,blocker_create_activity,"Ming Yuan added a blocker: ""Create the search bar - 1h""",Ming Yuan,2020-09-29T01:21:50Z
175027111,blocker_create_activity,"Ming Yuan added a blocker: ""Integrate everything and do testing - 3h""",Ming Yuan,2020-09-29T01:21:16Z
175027111,blocker_create_activity,"Ming Yuan added a blocker: ""Write unit test - 2h""",Ming Yuan,2020-09-29T01:20:51Z
175027111,blocker_create_activity,"Ming Yuan added a blocker: ""Add the logic code to add the product into the cart table. - 2h""",Ming Yuan,2020-09-29T01:20:29Z
175027111,blocker_create_activity,"Ming Yuan added a blocker: ""Create the database and the cart table - 1h""",Ming Yuan,2020-09-29T01:19:54Z
175027111,blocker_update_activity,"Ming Yuan edited a blocker: ""Create the ""add to cart"" button - 0.5h""",Ming Yuan,2020-09-29T01:19:32Z
175027111,blocker_create_activity,"Ming Yuan added a blocker: ""Create the add to cart button in front end - 0.5h""",Ming Yuan,2020-09-29T01:19:00Z
175027111,comment_create_activity,"Ming Yuan added comment: ""Given I already logged in, and current page is a specific product page with the ""add to cart"" button available,
When I click on the ""add to cart"" button,
Then a message should be displayed on the screen: "" This product has been added into your cart""""",Ming Yuan,2020-09-29T01:16:01Z
175027111,story_update_activity,Ming Yuan estimated this feature as 1 point,Ming Yuan,2020-09-29T01:14:22Z
175027111,story_update_activity,Ming Yuan estimated this feature as 2 points,Ming Yuan,2020-09-29T00:43:35Z
175026944,comment_update_activity,Ming Yuan edited this comment,Ming Yuan,2020-09-29T00:41:15Z
175026944,comment_update_activity,Ming Yuan edited this comment,Ming Yuan,2020-09-29T00:37:20Z
175026944,comment_update_activity,Ming Yuan edited this comment,Ming Yuan,2020-09-29T00:37:00Z
175026944,comment_create_activity,"Ming Yuan added comment: ""Given I already logged in, and the search bar is displayed with the search icon button on the screen,
When I input nothing and click the search icon button,
Then we will return to home page.""",Ming Yuan,2020-09-29T00:33:26Z
175026944,comment_update_activity,Ming Yuan edited this comment,Ming Yuan,2020-09-29T00:30:19Z
175026944,comment_create_activity,"Ming Yuan added comment: ""Given I already logged in, and the search bar is displayed with the search icon button on the screen,
When I input a dairy category name such as cheese, milk or yogurt and click the search icon button,
Then all products information for this category will appear in the new interface.""",Ming Yuan,2020-09-29T00:27:58Z
175026944,story_update_activity,Ming Yuan edited this feature,Ming Yuan,2020-09-29T00:18:05Z
175026944,story_update_activity,Ming Yuan edited this feature,Ming Yuan,2020-09-29T00:11:06Z
175026944,story_update_activity,Ming Yuan edited this feature,Ming Yuan,2020-09-28T22:59:08Z
175026944,story_update_activity,Ming Yuan edited this feature,Ming Yuan,2020-09-28T22:58:45Z
175027111,story_update_activity,Ming Yuan estimated this feature as 1 point,Ming Yuan,2020-09-28T22:56:43Z
175026944,story_update_activity,Ming Yuan edited this feature,Ming Yuan,2020-09-28T22:56:28Z
175026944,story_update_activity,Ming Yuan edited this feature,Ming Yuan,2020-09-28T22:55:36Z
175026944,story_update_activity,Ming Yuan edited this feature,Ming Yuan,2020-09-28T22:54:52Z
175027111,story_create_activity,Ming Yuan added this feature,Ming Yuan,2020-09-28T22:22:07Z
22655199,label_create_activity,"Ming Yuan created labels: ""product purchase""",Ming Yuan,2020-09-28T22:22:07Z
175026944,story_create_activity,Ming Yuan added this feature,Ming Yuan,2020-09-28T22:06:33Z
22655186,label_create_activity,"Ming Yuan created labels: ""product search""",Ming Yuan,2020-09-28T22:06:33Z
2465410,project_membership_update_activity,Ming Yuan updated their profile,Ming Yuan,2020-09-28T20:51:40Z
2465410,project_membership_update_activity,Ming Yuan updated their profile,Ming Yuan,2020-09-28T20:51:22Z
2465410,project_membership_update_activity,Ming Yuan updated their profile,Ming Yuan,2020-09-28T20:50:52Z
,project_membership_create_activity,Yuting Zhang added new members: Neha Nilesh Jadhav Sarnaik,Yuting Zhang,2020-09-24T13:27:12Z
2465410,project_membership_update_activity,Shuyi Zheng updated their profile,Shuyi Zheng,2020-09-11T17:37:26Z
,project_membership_create_activity,"Yuting Zhang added new members: hmalibra, Duan Lin, shreyasp1, bhavesht1, Ming Yuan, Shuyi Zheng",Yuting Zhang,2020-09-11T04:10:17Z
,project_membership_create_activity,"Yuting Zhang added new members: hmalibra, Duan Lin, shreyasp1, bhavesht1, Ming Yuan, Shuyi Zheng",Yuting Zhang,2020-09-11T04:10:17Z
,project_membership_create_activity,"Yuting Zhang added new members: hmalibra, Duan Lin, shreyasp1, bhavesht1, Ming Yuan, Shuyi Zheng",Yuting Zhang,2020-09-11T04:10:17Z
,project_membership_create_activity,"Yuting Zhang added new members: hmalibra, Duan Lin, shreyasp1, bhavesht1, Ming Yuan, Shuyi Zheng",Yuting Zhang,2020-09-11T04:10:17Z
,project_membership_create_activity,"Yuting Zhang added new members: hmalibra, Duan Lin, shreyasp1, bhavesht1, Ming Yuan, Shuyi Zheng",Yuting Zhang,2020-09-11T04:10:17Z
,project_membership_create_activity,"Yuting Zhang added new members: hmalibra, Duan Lin, shreyasp1, bhavesht1, Ming Yuan, Shuyi Zheng",Yuting Zhang,2020-09-11T04:10:17Z
